ID_local,Titulo,Responsabilidade_backend,Requisitos,Estado_backend,Aceite,Cenarios_e_evidencias,Commits,Dependencia_da_equipe,Link_card_real
BE-S2-01,Automatizar testes e cobertura no GitHub Actions,Bazon; vincular membro real no Trello,RNF01/11/13,Implementado e validado localmente; card externo pendente,84 testes rápidos + 33 MySQL; cobertura combinada; falha interrompe job,Workflow com três jobs; npm ci; artifacts; abrir execução remota,"c51edbf, 76e8a22",Equipe verifica run/PR no GitHub,Pendente de vinculação
BE-S2-02,Alinhar contratos da API com Web/Mobile,Bazon; vincular membro real no Trello,RF01-42 / RNF14/15,Implementado e validado localmente; card externo pendente,"Rotas/payloads compatíveis, datas, dinheiro, erros e limites documentados",URL por ambiente; revisão OCR com dados; tratar 401/409/429 e download binário,"1cc2886, 3893101, ad30989, 76e8a22",Web/Mobile configuram API e integram formatos de API_SPRINT_2.md,Pendente de vinculação
BE-S2-03,Validar API com MySQL real e banco isolado,Bazon; vincular membro real no Trello,RNF05/13,Implementado e validado localmente; card externo pendente,Schema/migrações e limpeza exclusiva de contractflow_test; 33 cenários passam,"core, finance, analytics, ocr, auth, crud, extensions; uploads temporários","c51edbf, 76e8a22",Repetir suíte e anexar resultado; não usar DB de demonstração,Pendente de vinculação
BE-S2-04,Entregar recebíveis e pagamentos íntegros,Bazon; vincular membro real no Trello,RF17-24 / RN06-08/13,Implementado e validado localmente; card externo pendente,Saldo parcial correto; canceladas sem previsão; isolamento e concorrência,Oito pedidos de 70 para parcela de 100 permitem um; edição/pagamento sem deadlock,"1cc2886, 3893101",Financeiro/detalhe/dashboard mostram valores iguais,Pendente de vinculação
BE-S2-05,Implementar CRUD de despesas,Bazon; vincular membro real no Trello,RF25 / RN11,Implementado e validado localmente; card externo pendente,"Criar/listar/detalhar/editar/remover com dono, filtros e proteção de despesa paga","finance.test.js: validação, usuário B recebe 404, paga não exclui/altera financeiro",1cc2886,Web/Mobile fazem CRUD e tratam 409,Pendente de vinculação
BE-S2-06,Agregar dashboard e projeção reais,Bazon; vincular membro real no Trello,RF27/32 / RN14,Implementado e validado localmente; card externo pendente,"Todos os registros, pagamento parcial, despesas e saldos coerentes",analytics: 125 pagamentos; saldo 185 no caso preparado; extensions: simulador igual,"13370ee, ad30989",Substituir agregação local de páginas limitadas no Mobile,Pendente de vinculação
BE-S2-07,Disponibilizar calendário e alertas,Bazon; vincular membro real no Trello,RF29-31/39 / RN15/16,Implementado e validado localmente; card externo pendente,"Eventos por período/tipo/página, atraso líquido, quitadas/canceladas fora do aberto","analytics: quatro tipos de evento, período inválido, paginação e isolamento",13370ee,Agenda/alertas nas duas interfaces com navegação para contrato,Pendente de vinculação
BE-S2-08,Ler e revisar documentos por OCR,Bazon; vincular membro real no Trello,RF08-12 / RN17/18,Implementado e validado localmente; card externo pendente,"PDF textual, imagem e PDF escaneado em português; aviso e revisão manual",ocr.test.js: três fixtures reais; parser de valores/datas e arquivo inválido,0b4f2f8,"Tela de upload/revisão, timeout e 429; modelo local",Pendente de vinculação
BE-S2-09,Confirmar OCR com integridade do banco e arquivo,Bazon; vincular membro real no Trello,RF13 / RN09/10,Implementado e validado localmente; card externo pendente,Criar cliente/contrato/parcelas/original/histórico atomicamente; não duplicar,ocr: confirmação concorrente 201/409; original ausente não deixa contrato/cliente parcial,0b4f2f8,Recarregar listagem/detalhe e abrir original após confirmar,Pendente de vinculação
BE-S2-10,"Gerenciar usuários, permissões e sessões",Bazon; vincular membro real no Trello,RF03 / RNF01-05,Implementado e validado localmente; card externo pendente,ADMIN protegido; dono financeiro isolado; sessão revogada; migração preserva dados,"auth: bootstrap concorrente, usuário comum 403, último ADMIN 409, senha/logout e migração",7febb27,Área administrativa/401 e novo login; membro real do Trello atribuído,Pendente de vinculação
BE-S2-11,Exportar relatórios financeiros/contratuais,Bazon; vincular membro real no Trello,RF37/38,Implementado e validado localmente; card externo pendente,JSON paginado; CSV/XLSX de todo conjunto filtrado até 10000; valores coerentes,"analytics: round-trip XLSX, CSV com fórmulas neutralizadas e exportação vazia","13370ee, 7976477, 76e8a22",Web blob e Mobile compartilhar arquivo com os filtros da tela,Pendente de vinculação
BE-S2-12,"Fechar regressão, calculadora, renovação e apresentação",Bazon; vincular membro real no Trello,RF06/07/14-16/28/33/34/41/42,Implementado e validado localmente; card externo pendente,CRUDs/arquivos protegidos; cálculos iguais à criação; renovação transacional; ensaio,crud 7 + extensions 4; 117 testes no total; Docker como node com OCR offline,"3893101, ad30989, 76e8a22",Alinhar calculadora; integrar renovação; demonstrar funcionalidade individual na UI,Pendente de vinculação
